Workbook

Sheet Daily Demand & Stock
A1: Date | B1: Product | C1: Opening Stock (kg) | D1: Demand (kg) | E1: Received (kg) | F1: Closing Stock (kg) | G1: Lead Time (days) | H1: Avg Daily Demand (kg) | I1: Safety Stock (kg) | J1: Reorder Point (kg) | K1: Expiry/Waste (kg) | L1: Fill Rate
A2: 46266 | B2: Tomato | C2: 450 | D2: 48 | E2: 0 | F2: =C2+E2-D2-K2 | G2: 3 | H2: 58 | I2: 50 | J2: 224 | K2: 80 | L2: 1
A3: 46266 | B3: Onion | C3: 650 | D3: 80 | E3: 0 | F3: =C3+E3-D3-K3 | G3: 4 | H3: 72 | I3: 72 | J3: 360 | K3: 86 | L3: 1
A4: 46266 | B4: Potato | C4: 700 | D4: 74 | E4: 0 | F4: =C4+E4-D4-K4 | G4: 4 | H4: 80 | I4: 80 | J4: 400 | K4: 75 | L4: 1
A5: 46266 | B5: Cucumber | C5: 300 | D5: 32 | E5: 0 | F5: =C5+E5-D5-K5 | G5: 2 | H5: 38 | I5: 27 | J5: 103 | K5: 67 | L5: 1
A6: 46266 | B6: Capsicum | C6: 250 | D6: 30 | E6: 0 | F6: =C6+E6-D6-K6 | G6: 3 | H6: 30 | I6: 26 | J6: 116 | K6: 44 | L6: 1
A7: 46267 | B7: Tomato | C7: 322 | D7: 59 | E7: 0 | F7: =C7+E7-D7-K7 | G7: 3 | H7: 48 | I7: 42 | J7: 186 | K7: 0 | L7: 1
A8: 46267 | B8: Onion | C8: 484 | D8: 73 | E8: 0 | F8: =C8+E8-D8-K8 | G8: 4 | H8: 80 | I8: 80 | J8: 400 | K8: 0 | L8: 1
A9: 46267 | B9: Potato | C9: 551 | D9: 80 | E9: 0 | F9: =C9+E9-D9-K9 | G9: 4 | H9: 74 | I9: 74 | J9: 370 | K9: 0 | L9: 1
A10: 46267 | B10: Cucumber | C10: 201 | D10: 33 | E10: 0 | F10: =C10+E10-D10-K10 | G10: 2 | H10: 32 | I10: 23 | J10: 87 | K10: 0 | L10: 1
A11: 46267 | B11: Capsicum | C11: 176 | D11: 26 | E11: 0 | F11: =C11+E11-D11-K11 | G11: 3 | H11: 30 | I11: 26 | J11: 116 | K11: 0 | L11: 1
A12: 46268 | B12: Tomato | C12: 263 | D12: 66 | E12: 0 | F12: =C12+E12-D12-K12 | G12: 3 | H12: 53.5 | I12: 46 | J12: 206 | K12: 0 | L12: 1
A13: 46268 | B13: Onion | C13: 411 | D13: 66 | E13: 0 | F13: =C13+E13-D13-K13 | G13: 4 | H13: 76.5 | I13: 76 | J13: 382 | K13: 0 | L13: 1
... A151: 46295 | B151: Capsicum | C151: 116 | D151: 29 | E151: 0 | F151: =C151+E151-D151-K151 | G151: 3 | H151: 28.9 | I151: 25 | J151: 112 | K151: 0 | L151: 1

Sheet Dashboard
A1: FRESH PRODUCE SUPPLY CHAIN & INVENTORY PLANNING
A2: Portfolio project | Simulated data only — not Fambo company data
A3: KPI | B3: Value | C3: Interpretation
A4: Total demand (kg) | B4: ='Daily Demand & Stock'!D2 | C4: Sum of demand across the period
A5: Total received (kg) | B5: ='Daily Demand & Stock'!E2 | C5: Replenishment volume
A6: Total expiry/waste (kg) | B6: ='Daily Demand & Stock'!K2 | C6: Track avoidable loss
A7: Average fill rate | B7: ='Daily Demand & Stock'!L2 | C7: Share of demand fulfilled
A10: Product-level summary
A11: Product | B11: Demand (kg) | C11: Waste (kg) | D11: Avg Fill Rate
A12: Tomato | B12: =SUMIF('Daily Demand & Stock'!B:B,A12,'Daily Demand & Stock'!D:D) | C12: =SUMIF('Daily Demand & Stock'!B:B,A12,'Daily Demand & Stock'!K:K) | D12: =AVERAGEIF('Daily Demand & Stock'!B:B,A12,'Daily Demand & Stock'!L:L)
A13: Onion | B13: =SUMIF('Daily Demand & Stock'!B:B,A13,'Daily Demand & Stock'!D:D) | C13: =SUMIF('Daily Demand & Stock'!B:B,A13,'Daily Demand & Stock'!K:K) | D13: =AVERAGEIF('Daily Demand & Stock'!B:B,A13,'Daily Demand & Stock'!L:L)
A14: Potato | B14: =SUMIF('Daily Demand & Stock'!B:B,A14,'Daily Demand & Stock'!D:D) | C14: =SUMIF('Daily Demand & Stock'!B:B,A14,'Daily Demand & Stock'!K:K) | D14: =AVERAGEIF('Daily Demand & Stock'!B:B,A14,'Daily Demand & Stock'!L:L)
A15: Cucumber | B15: =SUMIF('Daily Demand & Stock'!B:B,A15,'Daily Demand & Stock'!D:D) | C15: =SUMIF('Daily Demand & Stock'!B:B,A15,'Daily Demand & Stock'!K:K) | D15: =AVERAGEIF('Daily Demand & Stock'!B:B,A15,'Daily Demand & Stock'!L:L)
A16: Capsicum | B16: =SUMIF('Daily Demand & Stock'!B:B,A16,'Daily Demand & Stock'!D:D) | C16: =SUMIF('Daily Demand & Stock'!B:B,A16,'Daily Demand & Stock'!K:K) | D16: =AVERAGEIF('Daily Demand & Stock'!B:B,A16,'Daily Demand & Stock'!L:L)

Sheet Read Me
A1: PROJECT NOTES & ASSUMPTIONS
A3: Purpose | B3: Demonstrate basic fresh-produce demand and inventory planning using a small simulated dataset.
A4: Data status | B4: All values are simulated for portfolio practice. They are not Fambo data and are not actual operational results.
A5: Metrics | B5: Demand, replenishment, closing stock, safety stock, reorder point, expiry/waste, and fill rate.
A6: Reorder logic | B6: Illustrative rule: average daily demand × lead time + safety stock.
A7: Safety stock assumption | B7: Illustrative buffer = 0.5 × average daily demand × square root of lead time. This is a learning assumption, not a company policy.
A8: Limitations | B8: The workbook is a practice example; actual decisions require real order, shelf-life, supplier, lead-time, and service-level data.
A9: Interview discussion | B9: Explain how you would validate data, track FEFO/expiry, measure wastage and fill rate, and review reorder parameters with the operations team.
